"DeviceName","DeviceDescription","ConnectionStatus","DeviceID","Timestamp"
"Intel(R) Wireless Bluetooth(R)","Intel(R) Wireless Bluetooth(R)","OK","USB\VID_8087&PID_0029\5&115A75A8&0&14","2023-08-09 07:00:34"
"Integrated Monitor","Generic PnP Monitor","OK","DISPLAY\LGD065A\4&768CA29&0&UID265988","2023-08-09 07:00:34"
"HID-compliant consumer control device","HID-compliant consumer control device","OK","HID\VID_046D&PID_C534&MI_01&COL02\7&1C200D2C&0&0001","2023-08-09 07:00:34"
"Motherboard resources","Motherboard resources","OK","ACPI\PNP0C02\1","2023-08-09 07:00:34"
"Motherboard resources","Motherboard resources","OK","ACPI\PNP0C02\2","2023-08-09 07:00:34"
"Motherboard resources","Motherboard resources","OK","ACPI\PNP0C02\5","2023-08-09 07:00:34"
"GEARMANAGER","GEARMANAGER","OK","BTHENUM\{2E73A4AD-332D-41FC-90E2-16BEF06523F2}_VID&00010075_PID&A013\7&38D62565&0&388F30B6FBEC_C00000000","2023-08-09 07:00:34"
"Galaxy Buds2 (FBEC) Avrcp Transport","Microsoft Bluetooth Avrcp Transport Driver","OK","BTHENUM\{0000110E-0000-1000-8000-00805F9B34FB}_VID&00010075_PID&A013\7&38D62565&0&388F30B6FBEC_C00000000","2023-08-09 07:00:34"
"Realtek Audio Universal Service","Realtek Audio Universal Service","OK","SWD\DRIVERENUM\{C3A63EDD-2D27-4B66-B155-5E94B43D926A}#REALTEKSRV&5&1244B4B0&0","2023-08-09 07:00:34"
"Microsoft ACPI-Compliant Embedded Controller","Microsoft ACPI-Compliant Embedded Controller","OK","ACPI\PNP0C09\4&36F1FB5D&0","2023-08-09 07:00:34"
"System timer","System timer","OK","ACPI\PNP0100\4&36F1FB5D&0","2023-08-09 07:00:34"
"Khushaxx Avrcp Transport","Microsoft Bluetooth Avrcp Transport Driver","OK","BTHENUM\{0000110E-0000-1000-8000-00805F9B34FB}_VID&00010008_PID&2E81\7&38D62565&0&0CEC8D450534_C00000000","2023-08-09 07:00:34"
"Volume","Volume","OK","STORAGE\VOLUME\{A8A4BF4C-50EF-11ED-A079-806E6F6E6963}#0000000006500000","2023-08-09 07:00:34"
"Microsoft ACPI-Compliant Control Method Battery","Microsoft ACPI-Compliant Control Method Battery","OK","ACPI\PNP0C0A\0","2023-08-09 07:00:34"
"USB Composite Device","USB Composite Device","OK","USB\VID_04F2&PID_B64F\0001","2023-08-09 07:00:34"
"ACPI Processor Aggregator","ACPI Processor Aggregator","OK","ACPI\ACPI000C\2&DABA3FF&0","2023-08-09 07:00:34"
"Bluetooth Peripheral Device","Bluetooth Peripheral Device","OK","BTHENUM\{00001800-0000-1000-8000-00805F9B34FB}_VID&00010008_PID&2E81\7&38D62565&0&0CEC8D450534_C00000000","2023-08-09 07:00:34"
"Phonebook Access Pse Service","Phonebook Access Pse Service","OK","BTHENUM\{0000112F-0000-1000-8000-00805F9B34FB}_VID&00010008_PID&2E81\7&38D62565&0&0CEC8D450534_C00000000","2023-08-09 07:00:34"
"Intel(R) Core(TM) i5-9300H CPU @ 2.40GHz","Intel Processor","OK","ACPI\GENUINEINTEL_-_INTEL64_FAMILY_6_MODEL_158_-_INTEL(R)_CORE(TM)_I5-9300H_CPU_@_2.40GHZ\_1","2023-08-09 07:00:34"
"Intel(R) Core(TM) i5-9300H CPU @ 2.40GHz","Intel Processor","OK","ACPI\GENUINEINTEL_-_INTEL64_FAMILY_6_MODEL_158_-_INTEL(R)_CORE(TM)_I5-9300H_CPU_@_2.40GHZ\_2","2023-08-09 07:00:34"
"Intel(R) Core(TM) i5-9300H CPU @ 2.40GHz","Intel Processor","OK","ACPI\GENUINEINTEL_-_INTEL64_FAMILY_6_MODEL_158_-_INTEL(R)_CORE(TM)_I5-9300H_CPU_@_2.40GHZ\_3","2023-08-09 07:00:34"
"Intel(R) Core(TM) i5-9300H CPU @ 2.40GHz","Intel Processor","OK","ACPI\GENUINEINTEL_-_INTEL64_FAMILY_6_MODEL_158_-_INTEL(R)_CORE(TM)_I5-9300H_CPU_@_2.40GHZ\_4","2023-08-09 07:00:34"
"Intel(R) Core(TM) i5-9300H CPU @ 2.40GHz","Intel Processor","OK","ACPI\GENUINEINTEL_-_INTEL64_FAMILY_6_MODEL_158_-_INTEL(R)_CORE(TM)_I5-9300H_CPU_@_2.40GHZ\_5","2023-08-09 07:00:34"
"Intel(R) Core(TM) i5-9300H CPU @ 2.40GHz","Intel Processor","OK","ACPI\GENUINEINTEL_-_INTEL64_FAMILY_6_MODEL_158_-_INTEL(R)_CORE(TM)_I5-9300H_CPU_@_2.40GHZ\_6","2023-08-09 07:00:34"
"Intel(R) Core(TM) i5-9300H CPU @ 2.40GHz","Intel Processor","OK","ACPI\GENUINEINTEL_-_INTEL64_FAMILY_6_MODEL_158_-_INTEL(R)_CORE(TM)_I5-9300H_CPU_@_2.40GHZ\_7","2023-08-09 07:00:34"
"Intel(R) Core(TM) i5-9300H CPU @ 2.40GHz","Intel Processor","OK","ACPI\GENUINEINTEL_-_INTEL64_FAMILY_6_MODEL_158_-_INTEL(R)_CORE(TM)_I5-9300H_CPU_@_2.40GHZ\_8","2023-08-09 07:00:34"
"Root Print Queue","Local Print Queue","OK","SWD\PRINTENUM\PRINTQUEUES","2023-08-09 07:00:34"
"Wi-Fi","Generic software device","OK","SWD\RADIO\{B304FE05-AC9A-4450-8438-0F4C470069E8}","2023-08-09 07:00:34"
"Intel(R) Management Engine Interface ","Intel(R) Management Engine Interface ","OK","PCI\VEN_8086&DEV_A360&SUBSYS_13311025&REV_10\3&11583659&0&B0","2023-08-09 07:00:34"
"Volume Manager","Volume Manager","OK","ROOT\VOLMGR\0000","2023-08-09 07:00:34"
"Intel Chipset SATA RAID Controller","Intel Chipset SATA RAID Controller","OK","PCI\VEN_8086&DEV_282A&SUBSYS_13311025&REV_10\3&11583659&0&B8","2023-08-09 07:00:34"
"Microsoft Bluetooth LE Enumerator","Microsoft Bluetooth LE Enumerator","OK","BTH\MS_BTHLE\6&102EBEE3&0&3","2023-08-09 07:00:34"
"Trusted Platform Module 2.0","Trusted Platform Module 2.0","OK","ACPI\MSFT0101\2&DABA3FF&0","2023-08-09 07:00:34"
"HID-compliant mouse","HID-compliant mouse","OK","HID\SYNA7DB5&COL01\5&22D87139&0&0000","2023-08-09 07:00:34"
"WAN Miniport (PPPOE)","WAN Miniport (PPPOE)","OK","SWD\MSRRAS\MS_PPPOEMINIPORT","2023-08-09 07:00:34"
"Volume","Volume","OK","STORAGE\VOLUME\{A8A4BF4B-50EF-11ED-A079-806E6F6E6963}#00000021ED000000","2023-08-09 07:00:34"
"Intel(R) Serial IO I2C Host Controller - A368","Intel(R) Serial IO I2C Host Controller - A368","OK","PCI\VEN_8086&DEV_A368&SUBSYS_13311025&REV_10\3&11583659&0&A8","2023-08-09 07:00:34"
"Microsoft Hyper-V Virtual Machine Bus Provider","Microsoft Hyper-V Virtual Machine Bus Provider","OK","ROOT\VMBUS\0000","2023-08-09 07:00:34"
"Personal Area Network Service","Personal Area Network Service","OK","BTHENUM\{00001115-0000-1000-8000-00805F9B34FB}_VID&00010008_PID&2E81\7&38D62565&0&0CEC8D450534_C00000000","2023-08-09 07:00:34"
"Microsoft Basic Display Driver","Microsoft Basic Display Driver","OK","ROOT\BASICDISPLAY\0000","2023-08-09 07:00:34"
"ACPI Sleep Button","ACPI Sleep Button","OK","ACPI\PNP0C0E\2&DABA3FF&0","2023-08-09 07:00:34"
"Microsoft Hypervisor Service","Microsoft Hypervisor Service","OK","ROOT\HVSERVICE\0000","2023-08-09 07:00:34"
"Intel(R) Host Bridge/DRAM Registers - 3E10","Intel(R) Host Bridge/DRAM Registers - 3E10","OK","PCI\VEN_8086&DEV_3E10&SUBSYS_13311025&REV_0D\3&11583659&0&00","2023-08-09 07:00:34"
"Intel(R) Thermal Subsystem - A379","Intel(R) Thermal Subsystem - A379","OK","PCI\VEN_8086&DEV_A379&SUBSYS_13311025&REV_10\3&11583659&0&90","2023-08-09 07:00:34"
"Khushaxx Hands-Free HF Audio","Microsoft Bluetooth Hands-Free Audio device","OK","BTHHFENUM\BTHHFPAUDIO\8&35B204BA&0&97","2023-08-09 07:00:34"
"VPN Client Adapter - VPN","VPN Client Adapter - VPN","OK","ROOT\NET\0000","2023-08-09 07:00:34"
"VirtualBox Host-Only Ethernet Adapter","VirtualBox Host-Only Ethernet Adapter","OK","ROOT\NET\0001","2023-08-09 07:00:34"
"VirtualBox Host-Only Ethernet Adapter #2","VirtualBox Host-Only Ethernet Adapter","OK","ROOT\NET\0003","2023-08-09 07:00:34"
"Intel(R) PCI Express Root Port #15 - A336","Intel(R) PCI Express Root Port #15 - A336","OK","PCI\VEN_8086&DEV_A336&SUBSYS_13311025&REV_F0\3&11583659&0&EE","2023-08-09 07:00:34"
"Microsoft RRAS Root Enumerator","Generic software device","OK","SWD\MSRRAS\{5E259276-BC7E-40E3-B93B-8F89B5F3ABC0}","2023-08-09 07:00:34"
"System Firmware","System Firmware","OK","UEFI\RES_{78EB1D85-750B-49DC-861F-34967AD8C7CF}\0","2023-08-09 07:00:34"
"Airdopes 138 Hands-Free","Microsoft Bluetooth Hands-Free Audio device","OK","BTHHFENUM\BTHHFPAUDIO\8&3DB1589&0&97","2023-08-09 07:00:34"
"VMware Virtual Ethernet Adapter for VMnet1","VMware Virtual Ethernet Adapter for VMnet1","OK","ROOT\VMWARE\0000","2023-08-09 07:00:34"
"VMware Virtual Ethernet Adapter for VMnet8","VMware Virtual Ethernet Adapter for VMnet8","OK","ROOT\VMWARE\0001","2023-08-09 07:00:34"
"Intel(R) 300 Series Chipset Family LPC Controller (HM370) - A30D","Intel(R) 300 Series Chipset Family LPC Controller (HM370) - A30D","OK","PCI\VEN_8086&DEV_A30D&SUBSYS_13311025&REV_10\3&11583659&0&F8","2023-08-09 07:00:34"
"HID-compliant system controller","HID-compliant system controller","OK","HID\VID_046D&PID_C534&MI_01&COL03\7&1C200D2C&0&0002","2023-08-09 07:00:34"
"OneNote (Desktop)","Local Print Queue","OK","SWD\PRINTENUM\{9B0DA294-31CB-45D8-AD19-00D52DA64B1D}","2023-08-09 07:00:34"
"WAN Miniport (PPTP)","WAN Miniport (PPTP)","OK","SWD\MSRRAS\MS_PPTPMINIPORT","2023-08-09 07:00:34"
"NearbySharing","NearbySharing","OK","BTHENUM\{A82EFA21-AE5C-3DDE-9BBC-F16DA7B16C5A}_VID&00010008_PID&2E81\7&38D62565&0&0CEC8D450534_C00000000","2023-08-09 07:00:34"
"Airdopes 138 Avrcp Transport","Microsoft Bluetooth Avrcp Transport Driver","OK","BTHENUM\{0000110C-0000-1000-8000-00805F9B34FB}_LOCALMFG&0002\7&38D62565&0&C469608EF57B_C00000000","2023-08-09 07:00:34"
"Intel(R) UHD Graphics 630","Intel(R) UHD Graphics 630","OK","PCI\VEN_8086&DEV_3E9B&SUBSYS_13311025&REV_02\3&11583659&0&10","2023-08-09 07:00:34"
"Microsoft Hyper-V Virtualization Infrastructure Driver","Microsoft Hyper-V Virtualization Infrastructure Driver","OK","ROOT\VID\0000","2023-08-09 07:00:34"
"Acer Nitro AN515-54","Computer Device","OK","SWD\COMPUTER\MFG_ACER&FAM_NITRO_5&PROD_NITRO_AN515-54&SKU_0000000000000000","2023-08-09 07:00:34"
"High precision event timer","High precision event timer","OK","ACPI\PNP0103\0","2023-08-09 07:00:34"
"Galaxy Buds2 (FBEC) Hands-Free AG","Microsoft Bluetooth Hands-Free Profile AudioGateway role","OK","BTHENUM\{0000111E-0000-1000-8000-00805F9B34FB}_VID&00010075_PID&A013\7&38D62565&0&388F30B6FBEC_C00000000","2023-08-09 07:00:34"
"WAN Miniport (IKEv2)","WAN Miniport (IKEv2)","OK","SWD\MSRRAS\MS_AGILEVPNMINIPORT","2023-08-09 07:00:34"
"Composite Bus Enumerator","Composite Bus Enumerator","OK","ROOT\COMPOSITEBUS\0000","2023-08-09 07:00:34"
"Microsoft Virtual Drive Enumerator","Microsoft Virtual Drive Enumerator","OK","ROOT\VDRVROOT\0000","2023-08-09 07:00:34"
"Microsoft Wi-Fi Direct Virtual Adapter","Microsoft Wi-Fi Direct Virtual Adapter","OK","{5D624F94-8850-40C3-A3FA-A4FD2080BAF3}\VWIFIMP_WFD\5&28617831&0&11","2023-08-09 07:00:34"
"Microsoft Wi-Fi Direct Virtual Adapter #2","Microsoft Wi-Fi Direct Virtual Adapter","OK","{5D624F94-8850-40C3-A3FA-A4FD2080BAF3}\VWIFIMP_WFD\5&28617831&0&12","2023-08-09 07:00:34"
"Microsoft Storage Spaces Controller","Microsoft Storage Spaces Controller","OK","ROOT\SPACEPORT\0000","2023-08-09 07:00:34"
"Bluetooth","Generic software device","OK","SWD\RADIO\BLUETOOTH_E0D4E893F4B2","2023-08-09 07:00:34"
"BTIS","BTIS","OK","BTHENUM\{E7AB2241-CA64-4A69-AC02-05F5C6FE2D62}_VID&00010075_PID&A013\7&38D62565&0&388F30B6FBEC_C00000000","2023-08-09 07:00:34"
"High Definition Audio Controller","High Definition Audio Controller","OK","PCI\VEN_8086&DEV_A348&SUBSYS_13311025&REV_10\3&11583659&0&FB","2023-08-09 07:00:34"
"Realtek Audio Effects Component","Realtek Audio Effects Component","OK","SWD\DRIVERENUM\{C3A63EDD-2D27-4B66-B155-5E94B43D926A}#REALTEKAPO&5&1244B4B0&0","2023-08-09 07:00:34"
"Microsoft Kernel Debug Network Adapter","Microsoft Kernel Debug Network Adapter","OK","ROOT\KDNIC\0000","2023-08-09 07:00:34"
"Galaxy Buds2 (FBEC)","Microsoft Bluetooth A2dp Source","OK","BTHENUM\{0000110B-0000-1000-8000-00805F9B34FB}_VID&00010075_PID&A013\7&38D62565&0&388F30B6FBEC_C00000000","2023-08-09 07:00:34"
"HID-compliant touch pad","HID-compliant touch pad","OK","HID\SYNA7DB5&COL02\5&22D87139&0&0001","2023-08-09 07:00:34"
"Waves Audio Effects Component","Waves APO","OK","SWD\DRIVERENUM\{06A0D260-A5DC-451B-8C88-AA3DDEE9394A}#WAVESAPO&5&1244B4B0&0","2023-08-09 07:00:34"
"Airdopes 138","Bluetooth Device","OK","BTHENUM\DEV_C469608EF57B\7&38D62565&0&BLUETOOTHDEVICE_C469608EF57B","2023-08-09 07:00:34"
"Intel(R) SMBus - A323","Intel(R) SMBus - A323","OK","PCI\VEN_8086&DEV_A323&SUBSYS_13311025&REV_10\3&11583659&0&FC","2023-08-09 07:00:34"
"Motherboard resources","Motherboard resources","OK","ACPI\PNP0C02\PCHRESV","2023-08-09 07:00:34"
"Intel(R) PCIe Controller (x16) - 1901","Intel(R) PCIe Controller (x16) - 1901","OK","PCI\VEN_8086&DEV_1901&SUBSYS_13311025&REV_0D\3&11583659&0&08","2023-08-09 07:00:34"
"USB Composite Device","USB Composite Device","OK","USB\VID_046D&PID_C534\5&115A75A8&0&3","2023-08-09 07:00:34"
"HID-compliant vendor-defined device","HID-compliant vendor-defined device","OK","HID\VID_046D&PID_C534&MI_01&COL04\7&1C200D2C&0&0003","2023-08-09 07:00:34"
"Acer Airplane Mode Controller","Acer Airplane Mode Controller","OK","ACPI\10251229\0","2023-08-09 07:00:34"
"Headset Audio Gateway Service","Headset Audio Gateway Service","OK","BTHENUM\{00001112-0000-1000-8000-00805F9B34FB}_VID&00010008_PID&2E81\7&38D62565&0&0CEC8D450534_C00000000","2023-08-09 07:00:34"
"Microsoft Bluetooth Enumerator","Microsoft Bluetooth Enumerator","OK","BTH\MS_BTHBRB\6&102EBEE3&0&1","2023-08-09 07:00:34"
"UMBus Root Bus Enumerator","UMBus Root Bus Enumerator","OK","ROOT\UMBUS\0000","2023-08-09 07:00:34"
"Charge Arbitration Driver","Charge Arbitration Driver","OK","ROOT\CAD\0000","2023-08-09 07:00:34"
"Volume","Volume","OK","STORAGE\VOLUME\{A8A4BF4C-50EF-11ED-A079-806E6F6E6963}#000000AB97C00000","2023-08-09 07:00:34"
"System CMOS/real time clock","System CMOS/real time clock","OK","ACPI\PNP0B00\4&36F1FB5D&0","2023-08-09 07:00:34"
"Microsoft Windows Management Interface for ACPI","Microsoft Windows Management Interface for ACPI","OK","ACPI\PNP0C14\SAMPLEDEV","2023-08-09 07:00:34"
"USB Input Device","USB Input Device","OK","USB\VID_046D&PID_C534&MI_01\6&C62B88B&0&0001","2023-08-09 07:00:34"
"Standard Serial over Bluetooth link (COM5)","Standard Serial over Bluetooth link","OK","BTHENUM\{00001101-0000-1000-8000-00805F9B34FB}_VID&00010075_PID&A013\7&19616998&0&388F30B6FBEC_C00000000","2023-08-09 07:00:34"
"SPPSERVICE4","SPPSERVICE4","OK","BTHENUM\{F8620674-A1ED-41AB-A8B9-DE9AD655729D}_VID&00010075_PID&A013\7&38D62565&0&388F30B6FBEC_C00000000","2023-08-09 07:00:34"
"Microsoft Radio Device Enumeration Bus","Generic software device","OK","SWD\RADIO\{3DB5895D-CC28-44B3-AD3D-6F01A782B8D2}","2023-08-09 07:00:34"
"Device Identification Service","Device Identification Service","OK","BTHENUM\{00001200-0000-1000-8000-00805F9B34FB}_VID&00010075_PID&A013\7&38D62565&0&388F30B6FBEC_C00000000","2023-08-09 07:00:34"
"Microsoft Device Association Root Enumerator","Generic software device","OK","SWD\MSDAS\{CE958E9A-424F-4C88-86F4-11314821E75A}","2023-08-09 07:00:34"
"Intel(R) Serial IO UART Host Controller - A328","Intel(R) Serial IO UART Host Controller - A328","OK","PCI\VEN_8086&DEV_A328&SUBSYS_13311025&REV_10\3&11583659&0&F0","2023-08-09 07:00:34"
"USB Input Device","USB Input Device","OK","USB\VID_046D&PID_C534&MI_00\6&C62B88B&0&0000","2023-08-09 07:00:34"
"ACPI x64-based PC","ACPI x64-based PC","OK","ROOT\ACPI_HAL\0000","2023-08-09 07:00:34"
"Microsoft Windows Management Interface for ACPI","Microsoft Windows Management Interface for ACPI","OK","ACPI\PNP0C14\APGE","2023-08-09 07:00:34"
"Programmable interrupt controller","Programmable interrupt controller","OK","ACPI\PNP0000\4&36F1FB5D&0","2023-08-09 07:00:34"
"WAN Miniport (Network Monitor)","WAN Miniport (Network Monitor)","OK","SWD\MSRRAS\MS_NDISWANBH","2023-08-09 07:00:34"
"WAN Miniport (IP)","WAN Miniport (IP)","OK","SWD\MSRRAS\MS_NDISWANIP","2023-08-09 07:00:34"
"Microsoft Windows Management Interface for ACPI","Microsoft Windows Management Interface for ACPI","OK","ACPI\PNP0C14\TESTDEV","2023-08-09 07:00:34"
"PCI Express Root Complex","PCI Express Root Complex","OK","ACPI\PNP0A08\0","2023-08-09 07:00:34"
"Airdopes 138","Microsoft Bluetooth A2dp Source","OK","BTHENUM\{0000110B-0000-1000-8000-00805F9B34FB}_LOCALMFG&0002\7&38D62565&0&C469608EF57B_C00000000","2023-08-09 07:00:34"
"Standard Serial over Bluetooth link (COM4)","Standard Serial over Bluetooth link","OK","BTHENUM\{00001101-0000-1000-8000-00805F9B34FB}_LOCALMFG&0000\7&19616998&0&000000000000_00000000","2023-08-09 07:00:34"
"Bluetooth Device (RFCOMM Protocol TDI)","Bluetooth Device (RFCOMM Protocol TDI)","OK","BTH\MS_RFCOMM\6&102EBEE3&0&0","2023-08-09 07:00:34"
"UUID128","UUID128","OK","BTHENUM\{B4A9D6A0-B2E3-4E40-976D-A69F167EA895}_VID&00010075_PID&A013\7&38D62565&0&388F30B6FBEC_C00000000","2023-08-09 07:00:34"
"Microsoft Input Configuration Device","Microsoft Input Configuration Device","OK","HID\SYNA7DB5&COL03\5&22D87139&0&0002","2023-08-09 07:00:34"
"Bluetooth Device (Personal Area Network)","Bluetooth Device (Personal Area Network)","OK","BTH\MS_BTHPAN\6&102EBEE3&0&2","2023-08-09 07:00:34"
"HID-compliant wireless radio controls","HID-compliant wireless radio controls","OK","HID\10251229\3&9D5D338&0&0000","2023-08-09 07:00:34"
"HD User Facing","USB Video Device","OK","USB\VID_04F2&PID_B64F&MI_00\6&147B4C&0&0000","2023-08-09 07:00:34"
"HID Keyboard Device","HID Keyboard Device","OK","HID\VID_046D&PID_C534&MI_00\7&8EFF0EE&0&0000","2023-08-09 07:00:34"
"Microsoft Hyper-V PCI Server","Microsoft Hyper-V PCI Server","OK","ROOT\VPCIVSP\0000","2023-08-09 07:00:34"
"Motherboard resources","Motherboard resources","OK","ACPI\INT3F0D\4&36F1FB5D&0","2023-08-09 07:00:34"
"WDC WDS240G2G0B-00EPW0","Disk drive","OK","SCSI\DISK&VEN_WDC&PROD_WDS240G2G0B-00EP\4&8322C0F&0&000100","2023-08-09 07:00:34"
"ACPI Power Button","ACPI Power Button","OK","ACPI\PNP0C0C\2&DABA3FF&0","2023-08-09 07:00:34"
"Microsoft ACPI-Compliant System","Microsoft ACPI-Compliant System","OK","ACPI_HAL\PNP0C08\0","2023-08-09 07:00:34"
,,"OK","HTREE\ROOT\0","2023-08-09 07:00:34"
"Microsoft Basic Render Driver","Microsoft Basic Render Driver","OK","ROOT\BASICRENDER\0000","2023-08-09 07:00:34"
"Intel(R) PCI Express Root Port #14 - A335","Intel(R) PCI Express Root Port #14 - A335","OK","PCI\VEN_8086&DEV_A335&SUBSYS_13311025&REV_F0\3&11583659&0&E8","2023-08-09 07:00:34"
"Intel Optane+931GBHDD","Disk drive","OK","SCSI\DISK&VEN_INTEL&PROD_OPTANE+931GBHDD\4&8322C0F&0&070000","2023-08-09 07:00:34"
"AMA SPP Server","AMA SPP Server","OK","BTHENUM\{931C7E8A-540F-4686-B798-E8DF0A2AD9F7}_VID&00010008_PID&2E81\7&38D62565&0&0CEC8D450534_C00000000","2023-08-09 07:00:34"
"WAN Miniport (SSTP)","WAN Miniport (SSTP)","OK","SWD\MSRRAS\MS_SSTPMINIPORT","2023-08-09 07:00:34"
"Volume","Volume","OK","STORAGE\VOLUME\{A8A4BF4B-50EF-11ED-A079-806E6F6E6963}#00000021AD000000","2023-08-09 07:00:34"
"Volume","Volume","OK","STORAGE\VOLUME\{A8A4BF4C-50EF-11ED-A079-806E6F6E6963}#0000008BDAC00000","2023-08-09 07:00:34"
"Microsoft UEFI-Compliant System","Microsoft UEFI-Compliant System","OK","ACPI_HAL\UEFI\0","2023-08-09 07:00:34"
"HID-compliant vendor-defined device","HID-compliant vendor-defined device","OK","HID\VID_046D&PID_C534&MI_01&COL05\7&1C200D2C&0&0004","2023-08-09 07:00:34"
"Motherboard resources","Motherboard resources","OK","ACPI\PNP0C02\SARESV","2023-08-09 07:00:34"
"Bluetooth LE Device","Bluetooth LE Device","OK","BTHLE\DEV_5725D7CD4814\7&13F0A4C6&0&5725D7CD4814","2023-08-09 07:00:34"
"ACPI Fixed Feature Button","ACPI Fixed Feature Button","OK","ACPI\FIXEDBUTTON\2&DABA3FF&0","2023-08-09 07:00:34"
"Bluetooth Peripheral Device","Bluetooth Peripheral Device","OK","BTHENUM\{00001801-0000-1000-8000-00805F9B34FB}_VID&00010008_PID&2E81\7&38D62565&0&0CEC8D450534_C00000000","2023-08-09 07:00:34"
"Intel(R) Media SDK binaries","Intel(R) Media SDK binaries","OK","SWD\DRIVERENUM\MSDK_COMPONENT&4&768CA29&0","2023-08-09 07:00:34"
"Standard PS/2 Keyboard","Standard PS/2 Keyboard","OK","ACPI\MSFT0001\4&36F1FB5D&0","2023-08-09 07:00:34"
"Airdopes 138 Avrcp Transport","Microsoft Bluetooth Avrcp Transport Driver","OK","BTHENUM\{0000110E-0000-1000-8000-00805F9B34FB}_LOCALMFG&0002\7&38D62565&0&C469608EF57B_C00000000","2023-08-09 07:00:34"
"Volume","Volume","OK","STORAGE\VOLUME\{A8A4BF4C-50EF-11ED-A079-806E6F6E6963}#0000000000100000","2023-08-09 07:00:34"
"Microsoft Windows Management Interface for ACPI","Microsoft Windows Management Interface for ACPI","OK","ACPI\PNP0C14\MXM2","2023-08-09 07:00:34"
"Intel(R) USB 3.1 eXtensible Host Controller - 1.10 (Microsoft)","USB xHCI Compliant Host Controller","OK","PCI\VEN_8086&DEV_A36D&SUBSYS_13311025&REV_10\3&11583659&0&A0","2023-08-09 07:00:34"
"Intel(R) Power Engine Plug-in","Intel(R) Power Engine Plug-in","OK","ACPI\INT33A1\1","2023-08-09 07:00:34"
"VMware VMCI Host Device","VMware VMCI Host Device","OK","ROOT\VMWVMCIHOSTDEV\0000","2023-08-09 07:00:34"
"Personal Area Network NAP Service","Personal Area Network NAP Service","OK","BTHENUM\{00001116-0000-1000-8000-00805F9B34FB}_VID&00010008_PID&2E81\7&38D62565&0&0CEC8D450534_C00000000","2023-08-09 07:00:34"
"SAMSUNGDEVICE","SAMSUNGDEVICE","OK","BTHENUM\{A23D00BC-217C-123B-9C00-FC44577136EE}_VID&00010075_PID&A013\7&38D62565&0&388F30B6FBEC_C00000000","2023-08-09 07:00:34"
"Microsoft Hyper-V Virtual Disk Server","Microsoft Hyper-V Virtual Disk Server","OK","ROOT\STORVSP\0000","2023-08-09 07:00:34"
"Motherboard resources","Motherboard resources","OK","ACPI\PNP0C02\IOTRAPS","2023-08-09 07:00:34"
"Synaptics HID Device","Synaptics HID Device","OK","HID\SYNA7DB5&COL04\5&22D87139&0&0003","2023-08-09 07:00:34"
"Realtek(R) Audio","Realtek Audio","OK","HDAUDIO\FUNC_01&VEN_10EC&DEV_0255&SUBSYS_10251331&REV_1000\4&2DCE035E&0&0001","2023-08-09 07:00:34"
"Microsoft AC Adapter","Microsoft AC Adapter","OK","ACPI\ACPI0003\4&36F1FB5D&0","2023-08-09 07:00:34"
"Intel(R) Wi-Fi 6 AX200 160MHz","Intel(R) Wi-Fi 6 AX200 160MHz","OK","PCI\VEN_8086&DEV_2723&SUBSYS_00848086&REV_1A\4&1251E546&0&00EE","2023-08-09 07:00:34"
"NVIDIA GeForce GTX 1650","NVIDIA GeForce GTX 1650","OK","PCI\VEN_10DE&DEV_1F91&SUBSYS_13321025&REV_A1\4&121BEA1D&0&0008","2023-08-09 07:00:34"
"NVIDIA Virtual Audio Device (Wave Extensible) (WDM)","NVIDIA Virtual Audio Device (Wave Extensible) (WDM)","OK","ROOT\UNNAMED_DEVICE\0000","2023-08-09 07:00:34"
"NvModuleTracker Device","NvModuleTracker Device","OK","ROOT\UNNAMED_DEVICE\0001","2023-08-09 07:00:34"
"NVVHCI Enumerator","NVVHCI Enumerator","OK","ROOT\UNNAMED_DEVICE\0002","2023-08-09 07:00:34"
"Volume","Volume","OK","STORAGE\VOLUME\{A8A4BF4B-50EF-11ED-A079-806E6F6E6963}#0000000001100000","2023-08-09 07:00:34"
"Microsoft GS Wavetable Synth","Generic software device","OK","SWD\MMDEVAPI\MICROSOFTGSWAVETABLESYNTH","2023-08-09 07:00:34"
"Microsoft Print to PDF","Local Print Queue","OK","SWD\PRINTENUM\{C386184D-0F2A-42A2-9D90-ABAD4D4DAC9C}","2023-08-09 07:00:34"
"Intel(R) Serial IO I2C Host Controller - A369","Intel(R) Serial IO I2C Host Controller - A369","OK","PCI\VEN_8086&DEV_A369&SUBSYS_13311025&REV_10\3&11583659&0&A9","2023-08-09 07:00:34"
"Khushaxx A2DP SNK","Microsoft Bluetooth A2dp Sink","OK","BTHENUM\{0000110A-0000-1000-8000-00805F9B34FB}_VID&00010008_PID&2E81\7&38D62565&0&0CEC8D450534_C00000000","2023-08-09 07:00:34"
"Volume","Volume","OK","STORAGE\VOLUME\{A8A4BF4C-50EF-11ED-A079-806E6F6E6963}#000000717FC00000","2023-08-09 07:00:34"
"Numeric data processor","Numeric data processor","OK","ACPI\PNP0C04\4&36F1FB5D&0","2023-08-09 07:00:34"
"NDIS Virtual Network Adapter Enumerator","NDIS Virtual Network Adapter Enumerator","OK","ROOT\NDISVIRTUALBUS\0000","2023-08-09 07:00:34"
"HID-compliant mouse","HID-compliant mouse","OK","HID\VID_046D&PID_C534&MI_01&COL01\7&1C200D2C&0&0000","2023-08-09 07:00:34"
"Galaxy Buds2 (FBEC)","Bluetooth Device","OK","BTHENUM\DEV_388F30B6FBEC\7&38D62565&0&BLUETOOTHDEVICE_388F30B6FBEC","2023-08-09 07:00:34"
"Microphone Array (Realtek(R) Audio)","Audio Endpoint","OK","SWD\MMDEVAPI\{0.0.1.00000000}.{AB637AAC-3E55-4672-B8B2-067A3F16BF48}","2023-08-09 07:00:34"
"Realtek Gaming GbE Family Controller","Realtek Gaming GbE Family Controller","OK","PCI\VEN_10EC&DEV_8168&SUBSYS_13311025&REV_25\4&22691B71&0&00E8","2023-08-09 07:00:34"
"Intel(R) Serial IO GPIO Host Controller - INT3450","Intel(R) Serial IO GPIO Host Controller - INT3450","OK","ACPI\INT3450\3&11583659&0","2023-08-09 07:00:34"
"Khushaxx Hands-Free HF","Microsoft Bluetooth Hands-Free Profile Handsfree role","OK","BTHENUM\{0000111F-0000-1000-8000-00805F9B34FB}_VID&00010008_PID&2E81\7&38D62565&0&0CEC8D450534_C00000000","2023-08-09 07:00:34"
"IBtUsb_Filter_00","IBtUsb_Filter_00","OK","{2F2B7B01-597A-434C-8DD6-D27CD46EF73C}\IBTUSBFILTER\6&102EBEE3&0&00","2023-08-09 07:00:34"
"I2C HID Device","I2C HID Device","OK","ACPI\SYNA7DB5\1","2023-08-09 07:00:34"
"Realtek Hardware Support Application","Realtek Hardware Support Application","OK","SWD\DRIVERENUM\{C3A63EDD-2D27-4B66-B155-5E94B43D926A}#REALTEKHSA&5&1244B4B0&0","2023-08-09 07:00:34"
"SMS/MMS","SMS/MMS","OK","BTHENUM\{00001132-0000-1000-8000-00805F9B34FB}_VID&00010008_PID&2E81\7&38D62565&0&0CEC8D450534_C00000000","2023-08-09 07:00:34"
"Galaxy Buds2 (FBEC) Avrcp Transport","Microsoft Bluetooth Avrcp Transport Driver","OK","BTHENUM\{0000110C-0000-1000-8000-00805F9B34FB}_VID&00010075_PID&A013\7&38D62565&0&388F30B6FBEC_C00000000","2023-08-09 07:00:34"
"Airdopes 138 Hands-Free AG","Microsoft Bluetooth Hands-Free Profile AudioGateway role","OK","BTHENUM\{0000111E-0000-1000-8000-00805F9B34FB}_LOCALMFG&0002\7&38D62565&0&C469608EF57B_C00000000","2023-08-09 07:00:34"
"Volume","Volume","OK","STORAGE\VOLUME\{A8A4BF4C-50EF-11ED-A079-806E6F6E6963}#0000000007500000","2023-08-09 07:00:34"
"Volume","Volume","OK","STORAGE\VOLUME\{A8A4BF4B-50EF-11ED-A079-806E6F6E6963}#0000000000100000","2023-08-09 07:00:34"
"Microsoft System Management BIOS Driver","Microsoft System Management BIOS Driver","OK","ROOT\MSSMBIOS\0000","2023-08-09 07:00:34"
"Motherboard resources","Motherboard resources","OK","ACPI\INT340E\2&DABA3FF&0","2023-08-09 07:00:34"
"Khushaxx Avrcp Transport","Microsoft Bluetooth Avrcp Transport Driver","OK","BTHENUM\{0000110C-0000-1000-8000-00805F9B34FB}_VID&00010008_PID&2E81\7&38D62565&0&0CEC8D450534_C00000000","2023-08-09 07:00:34"
"USB Root Hub (USB 3.0)","USB Root Hub (USB 3.0)","OK","USB\ROOT_HUB30\4&2F349BE3&0&0","2023-08-09 07:00:34"
"Object Push Service","Object Push Service","OK","BTHENUM\{00001105-0000-1000-8000-00805F9B34FB}_VID&00010008_PID&2E81\7&38D62565&0&0CEC8D450534_C00000000","2023-08-09 07:00:34"
"Microsoft Windows Management Interface for ACPI","Microsoft Windows Management Interface for ACPI","OK","ACPI\PNP0C14\TBFP","2023-08-09 07:00:34"
"Sim Access Service","Sim Access Service","OK","BTHENUM\{0000112D-0000-1000-8000-00805F9B34FB}_VID&00010008_PID&2E81\7&38D62565&0&0CEC8D450534_C00000000","2023-08-09 07:00:34"
"Galaxy Buds2 (FBEC) Hands-Free","Microsoft Bluetooth Hands-Free Audio device","OK","BTHHFENUM\BTHHFPAUDIO\8&210BA384&0&97","2023-08-09 07:00:34"
"Plug and Play Software Device Enumerator","Plug and Play Software Device Enumerator","OK","ROOT\SYSTEM\0000","2023-08-09 07:00:34"
"ACPI Lid","ACPI Lid","OK","ACPI\PNP0C0D\4&36F1FB5D&0","2023-08-09 07:00:34"
"PCI standard RAM Controller","PCI standard RAM Controller","OK","PCI\VEN_8086&DEV_A36F&SUBSYS_13311025&REV_10\3&11583659&0&A2","2023-08-09 07:00:34"
"Khushaxx","Bluetooth Device","OK","BTHENUM\DEV_0CEC8D450534\7&38D62565&0&BLUETOOTHDEVICE_0CEC8D450534","2023-08-09 07:00:34"
"Remote Desktop Device Redirector Bus","Remote Desktop Device Redirector Bus","OK","ROOT\RDPBUS\0000","2023-08-09 07:00:34"
"Intel(R) SPI (flash) Controller - A324","Intel(R) SPI (flash) Controller - A324","OK","PCI\VEN_8086&DEV_A324&SUBSYS_13311025&REV_10\3&11583659&0&FD","2023-08-09 07:00:34"
"Speakers (Realtek(R) Audio)","Audio Endpoint","OK","SWD\MMDEVAPI\{0.0.0.00000000}.{A738E481-2EE6-42CE-8E3B-EC17E894E985}","2023-08-09 07:00:34"
"Intel(R) Graphics Control Panel","Intel(R) Graphics Control Panel","OK","SWD\DRIVERENUM\CUI&4&768CA29&0","2023-08-09 07:00:34"
"WAN Miniport (IPv6)","WAN Miniport (IPv6)","OK","SWD\MSRRAS\MS_NDISWANIPV6","2023-08-09 07:00:34"
"Volume","Volume","OK","STORAGE\VOLUME\{A8A4BF4C-50EF-11ED-A079-806E6F6E6963}#000000E8A0BB6000","2023-08-09 07:00:34"
"WAN Miniport (L2TP)","WAN Miniport (L2TP)","OK","SWD\MSRRAS\MS_L2TPMINIPORT","2023-08-09 07:00:34"
